order,title_en,title_jp,easy,normal,hard,expert
1,Shiny Smily Story (2022 ver.),Shiny Smily Story (2022 ver.),,,,
2,Seishun Archive,青春アーカイブ,,,,
3,Yumemiru Sora He,夢見る空へ,,,,
4,Kirameki Rider,キラメキライダー☆,,,,
5,Dreaming Days,Dreaming Days,,,,
6,AsuiroClearSky,あすいろClearSky,,,,
7,Prism Melody,Prism Melody,,,,
8,Our Bright Parade,Our Bright Parade,,,,
9,Capture the Moment,Capture the Moment,,,,
10,Color Rise Harmony,Color Rise Harmony,,,,
11,Ridin' on Dreams,Ridin' on Dreams,,,,
12,yumeiro wonder,夢色ワンダー,,,,
13,Gimmick Gimmick Entertainment,ギミギミエンターテイメント,,,,
14,Dream☆Story,Dream☆Story,,,,
15,"Star,star,start",スタースタースタート,,,,
16,rirubi,リルビ,,,,
17,ω cat,ω猫,,,,
18,Inochi(2024 ver.),いのち(2024 ver.),,,,
19,flower rhapsody,flower rhapsody,,,,
20,DAI DAI DAI Fantasista,DAI DAI DAI ファンタジスタ,,,,
21,Stellar Stellar,Stellar Stellar,,,,
22,BIBBIDIBA,ビビデバ,,,,
23,SHALLYS,シャルイース,,,,
24,sensation -KANSHOKU-,感触,,,,
25,SUPERNOVA,SUPERNOVA,,,,
26,Virtualove,ばーちゃらぶ,,,,
27,"Yoi no Yo, Yoi!",宵の余、良い！,,,,
28,NoDistance,NoDistance,,,,
29,Pleiades!,ぷ・れ・あ・で・す！,,,,
30,Howling,Howling,,,,
31,Colorful Universe,Colorful Universe,,,,
32,Mogu Mogu YUMMY！,もぐもぐYUMMY！,,,,
33,Neko Kaburi-Na,ネコカブリーナ,,,,
34,Doggy god's street,Doggy god's street,,,,
35,PEKORANDOMBRAIN,ぺこらんだむぶれいん!,,,,
36,ZenjinruiUsagikakeikaku!,全人類　兎化計画！,,,,
37,Zenryoku-Jumping!,全力ジャンピング！,,,,
38,Gyu-Don Carnival!,ぎゅーどんかーにばる！,,,,
39,Ahoy!! We are Houshou Pirates,Ahoy!! 我ら宝鐘海賊団☆,,,,
40,Bishoujyo Muzai♡Pirates,美少女無罪♡パイレーツ,,,,
41,My song,My song,,,,
42,What an amazing swing,What an amazing swing,,,,
43,Palette,Palette,,,,
44,Escort me! Luknight,守護ってルーナイト,,,,
45,Asuenokyokaisen,明日への境界線,,,,
46,NENENENENENENENE!DAIBAKUSOU,ねねねねねねねね！大爆走,,,,
47,Lioness’ Pride,Lioness’ Pride,,,,
48,Po,ぽ,,,,
49,Not Interested,興味ないよ,,,,
50,Overd,オーバード,,,,
51,WAO!!(2025 ver.),WAO!!(2025 ver.),,,,
52,IrohaStep!,いろはすてっぷ！,,,,
53,ALiCE&u,ALiCE&u,,,,
54,High Tide,High Tide,,,,
55,Q&A=E,Q&A=E,,,,
56,JOLLIE JOLLIE,JOLLIE JOLLIE,,,,
57,Unreal Veil,アンリアルヴェイル,,,,
58,Gate Open: START!,Gate Open: START!,,,,
59,You're Mine,You're Mine,,,,
60,dahlah.,dahlah.,,,,
61,Mantra Hujan,Mantra Hujan,,,,
62,"Excuse My Rudeness, But Could You Please RIP?",失礼しますが、RIP♡,,,,
63,DEAD BEATS,DEAD BEATS,,,,
64,SPARKS,SPARKS,,,,
65,VIOLET,VIOLET,,,,
66,Carbonated Love,Carbonated Love,,,,
67,Daydream,Daydream,,,,
68,PSYCHO,PSYCHO,,,,
69,Monsters and Men,Monsters and Men,,,,
70,Prism no Mahou,プリズムの魔法,,,,
71,Say My Name,Say My Name,,,,
72,Lifetime Showtime,Lifetime Showtime,,,,
73,"Born to be ""BAU""DOL☆★","Born to be ""BAU""DOL☆★",,,,
74,GREATEST,GREATEST,,,,
75,Kyoumodaitensai!,今日も大天才っ！,,,,
76,Japan no bijutsushi oboemasho,JAPANの美術史♪お·ぼ·え·ま·SHOW！,,,,
77,Countach,Countach,,,,
78,Myth or Treat,Myth or Treat,,,,
79,Secret Garden,Secret Garden,,,,
80,BLUE CLAPPER,BLUE CLAPPER,,,,
81,Jouya Repaint,常夜リペイント,,,,
82,Bridal Dream,ブライダルドリーム,,,,
83,Our Promise,Our Promise,,,,
84,Rebellion,Rebellion,,,,
85,HI-15,HI-15,,,,
86,Slap by Step,Slap by Step,,,,
87,save our hearts,save our hearts,,,,
88,Shunkan Heartbeat,瞬間ハートビート,,,,
89,Setsunatick Code,刹那ティックコード,,,,
90,Suspect,Suspect,,,,
91,NAKAMAKA,なかま歌,,,,
92,Wicked feat. Mori Calliope,Wicked feat. Mori Calliope,,,,
93,ONIKEMODANCE,おにけもだんす,,,,
94,zigokudeaouze!subachocolunatan,地獄で会おうぜ！ スバちょこるなたん,,,,
95,ORANGE PARADE feat. Inugami Korone,ORANGE PARADE feat.戌神ころね,,,,
96,I I I,I I I,,,,
97,Shishi Wata Cooking feat. Shishiro Botan,ししわたクッキング feat.獅白ぼたん,,,,
98,Touch the hurt again,また傷に触れる,,,,
99,Stay Blue,青く在れ,,,,
100,Mikkorone×Showtime!!,みっころね×しょうたいむ!!,,,,
101,ONINO UTAGE,鬼ノ宴,,,,
102,Kimagure Mercy,気まぐれメルシィ,,,,
103,BUTASANDER,ブタサンダー,,,,
104,Sʼil vous President,シル・ヴ・プレジデント,,,,
105,DOUTAN KYOHI,同担☆拒否,,,,
106,Goodbye Declaration,グッバイ宣言,,,,
107,Delusion Tax,妄想税,,,,
108,Do my best!,どぅーまいべすと！,,,,
109,Show,唱,,,,
110,Kaibutsu,怪物,,,,
111,Waking Yashinoki,寝起きヤシの木,,,,
112,-ERROR,-ERROR,,,,
113,FUWAFUWA TIME,ふわふわ時間,,,,
114,The Brave,勇者,,,,
115,"Chu,Tayousei.",ちゅ、多様性。,,,,
116,Non-breath oblige,ノンブレス・オブリージュ,,,,
117,ENVY BABY,エンヴィーベイビー,,,,
118,God-ish,神っぽいな,,,,
119,Owl,フクロウさん,,,,
120,God knows...,God knows...,,,,
121,Kyu-kurarin,きゅうくらりん,,,,
122,Snow halation,Snow halation,,,,
123,FIRE BIRD,FIRE BIRD,,,,
124,Alien Alien,エイリアンエイリアン,,,,
125,Kyouran Hey Kids!!,狂乱 Hey Kids!!,,,,
126,Marshall Maximizer,マーシャル・マキシマイザー,,,,
127,Usseewa,うっせぇわ,,,,
128,KAWAIKUTE GOMEN,可愛くてごめん,,,,
129,Brave Heart,brave heart,,,,
130,Overdose,Overdose,,,,
131,The Vampire,ヴァンパイア,,,,
132,NAI NAI,ないない,,,,
133,IDOL,アイドル,,,,
134,Mafia,マフィア,,,,
135,Los! Los! Los!,Los! Los! Los!,,,,
136,Kyoufuu All Back,強風オールバック,,,,
137,The Mirror’s Ripples,鏡面の波,,,,
138,YUKINO HANA,雪の華,,,,
139,Cute Na Kanojo,キュートなカノジョ,,,,
140,Let Me Be With You,Let Me Be With You,,,,
141,KANADE,奏（かなで）,,,,
142,Cherry Pop,チェリーポップ,,,,
143,PI PIKASO,ピ ピカソ,,,,
144,Tsuppari High School Rock'n Roll (Toukou-hen),ツッパリHigh School Rock'n Roll(登校編),,,,
145,Maware! Setsugetsuka,回レ！雪月花,,,,
146,(Not) A Devil,デビルじゃないもん,,,,
147,HAO,ハオ,,,,
148,Watashi no Ichiban Kawaiitokoro,わたしの一番かわいいところ,,,,
149,Megitsune,メギツネ,,,,
150,Hyadain no Jojo Yujo,ヒャダインのじょーじょーゆーじょー,,,,
151,SAIKAI,再会,,,,
152,KAMINO MANIMANI,神のまにまに,,,,
153,I~ya I~ya I~ya,い～やい～やい～や,,,,
154,Erandekurete Arigatou,選んでくれてありがとう。,,,,
155,A Tale of Six Trillion Years and a Night,六兆年と一夜物語,,,,
156,Orange,オレンジ,,,,
157,Bling-Bang-Bang-Born,Bling-Bang-Bang-Born,,,,
